,mean,sd,hdi_3%,hdi_97%,mcse_mean,mcse_sd,ess_bulk,ess_tail,r_hat
mu_a,-16.115,3.265,-22.982,-10.725,1.394,1.044,6.0,12.0,1.89
a[1988-1989],-16.115,3.285,-21.919,-9.665,1.398,1.046,6.0,14.0,1.88
a[1989-1990],-16.119,3.285,-21.995,-9.719,1.398,1.046,6.0,13.0,1.87
a[1990-1991],-16.082,3.277,-21.988,-9.673,1.391,1.041,6.0,14.0,1.87
a[1991-1992],-16.111,3.283,-22.119,-9.89,1.394,1.043,6.0,13.0,1.87
a[1992-1993],-16.051,3.275,-22.154,-9.912,1.391,1.04,6.0,13.0,1.87
a[1993-1994],-16.064,3.288,-21.914,-9.629,1.398,1.046,6.0,13.0,1.88
a[1994-1995],-16.099,3.276,-22.022,-9.769,1.392,1.041,6.0,13.0,1.87
a[1995-1996],-16.102,3.287,-22.078,-9.803,1.398,1.046,6.0,14.0,1.88
a[1996-1997],-16.135,3.283,-21.963,-9.715,1.395,1.044,6.0,13.0,1.88
a[1997-1998],-16.097,3.279,-22.109,-9.902,1.393,1.042,6.0,14.0,1.88
a[1998-1999],-16.024,3.283,-21.978,-9.733,1.396,1.044,6.0,14.0,1.87
a[1999-2000],-16.147,3.284,-22.171,-9.834,1.396,1.045,6.0,14.0,1.87
a[2000-2001],-16.217,3.29,-23.179,-10.855,1.398,1.046,6.0,13.0,1.87
a[2001-2002],-16.127,3.277,-22.067,-9.794,1.389,1.039,6.0,13.0,1.86
a[2002-2003],-16.138,3.274,-21.936,-9.752,1.392,1.042,6.0,13.0,1.88
a[2003-2004],-16.138,3.276,-22.949,-10.675,1.396,1.045,6.0,13.0,1.88
a[2004-2005],-16.156,3.286,-22.019,-9.782,1.397,1.045,6.0,14.0,1.88
a[2005-2006],-16.168,3.284,-22.062,-9.774,1.393,1.042,6.0,13.0,1.87
a[2006-2007],-16.173,3.282,-21.98,-9.757,1.398,1.046,6.0,15.0,1.88
a[2007-2008],-16.144,3.285,-21.92,-9.636,1.396,1.044,6.0,13.0,1.87
a[2008-2009],-16.125,3.29,-21.968,-9.68,1.399,1.046,6.0,13.0,1.88
a[2009-2010],-16.072,3.279,-22.145,-9.859,1.393,1.042,6.0,14.0,1.87
a[2010-2011],-16.153,3.295,-21.966,-9.662,1.399,1.047,6.0,13.0,1.87
a[2011-2012],-16.072,3.28,-22.1,-9.863,1.391,1.041,6.0,14.0,1.86
a[2012-2013],-16.153,3.289,-21.963,-9.611,1.396,1.044,6.0,14.0,1.87
a[2013-2014],-16.056,3.279,-21.832,-9.658,1.39,1.04,6.0,14.0,1.87
a[2014-2015],-16.109,3.28,-22.0,-9.719,1.396,1.044,6.0,13.0,1.88
a[2015-2016],-16.105,3.28,-22.029,-9.782,1.389,1.039,6.0,13.0,1.86
a[2016-2017],-16.191,3.293,-22.086,-9.771,1.4,1.047,6.0,13.0,1.87
a[2017-2018],-16.127,3.283,-22.04,-9.748,1.394,1.042,6.0,13.0,1.87
a[2018-2019],-16.115,3.285,-22.132,-9.798,1.396,1.044,6.0,13.0,1.87
a[2019-2020],-16.078,3.286,-21.974,-9.782,1.399,1.047,6.0,13.0,1.88
a[2020-2021],-16.086,3.291,-21.996,-9.701,1.399,1.047,6.0,14.0,1.87
a[2021-2022],-16.096,3.283,-22.143,-9.877,1.396,1.045,6.0,13.0,1.88
mu_b0,0.083,0.032,0.031,0.149,0.01,0.007,11.0,32.0,1.33
b0[1988-1989],0.083,0.035,0.024,0.151,0.01,0.007,12.0,34.0,1.28
b0[1989-1990],0.083,0.034,0.024,0.148,0.01,0.007,12.0,50.0,1.28
b0[1990-1991],0.086,0.035,0.021,0.149,0.011,0.008,11.0,45.0,1.31
b0[1991-1992],0.083,0.034,0.025,0.149,0.01,0.007,12.0,38.0,1.27
b0[1992-1993],0.086,0.035,0.023,0.15,0.01,0.008,11.0,45.0,1.29
b0[1993-1994],0.084,0.034,0.022,0.148,0.01,0.007,12.0,48.0,1.28
b0[1994-1995],0.085,0.035,0.025,0.15,0.01,0.008,11.0,36.0,1.29
b0[1995-1996],0.083,0.034,0.021,0.147,0.01,0.007,12.0,45.0,1.29
b0[1996-1997],0.083,0.035,0.023,0.149,0.01,0.007,12.0,46.0,1.27
b0[1997-1998],0.086,0.035,0.022,0.151,0.01,0.007,12.0,45.0,1.29
b0[1998-1999],0.084,0.034,0.026,0.149,0.01,0.007,12.0,51.0,1.28
b0[1999-2000],0.079,0.034,0.021,0.148,0.009,0.007,14.0,44.0,1.22
b0[2000-2001],0.081,0.034,0.023,0.149,0.01,0.007,13.0,45.0,1.26
b0[2001-2002],0.081,0.033,0.023,0.145,0.009,0.007,13.0,43.0,1.26
b0[2002-2003],0.081,0.034,0.02,0.145,0.01,0.007,13.0,39.0,1.26
b0[2003-2004],0.083,0.034,0.024,0.151,0.01,0.007,12.0,41.0,1.27
b0[2004-2005],0.083,0.034,0.024,0.149,0.01,0.007,12.0,65.0,1.28
b0[2005-2006],0.083,0.034,0.024,0.152,0.01,0.007,12.0,55.0,1.28
b0[2006-2007],0.08,0.034,0.02,0.146,0.009,0.007,13.0,45.0,1.24
b0[2007-2008],0.082,0.034,0.023,0.147,0.01,0.007,13.0,44.0,1.26
b0[2008-2009],0.085,0.034,0.023,0.15,0.01,0.007,12.0,46.0,1.29
b0[2009-2010],0.085,0.034,0.024,0.15,0.01,0.007,12.0,57.0,1.28
b0[2010-2011],0.081,0.034,0.022,0.147,0.01,0.007,13.0,43.0,1.25
b0[2011-2012],0.084,0.034,0.022,0.147,0.01,0.007,12.0,37.0,1.27
b0[2012-2013],0.081,0.034,0.023,0.147,0.009,0.007,13.0,43.0,1.24
b0[2013-2014],0.085,0.034,0.022,0.148,0.01,0.007,12.0,42.0,1.29
b0[2014-2015],0.084,0.034,0.023,0.152,0.01,0.007,11.0,40.0,1.29
b0[2015-2016],0.083,0.034,0.023,0.151,0.01,0.007,12.0,49.0,1.26
b0[2016-2017],0.081,0.034,0.024,0.149,0.009,0.007,14.0,69.0,1.23
b0[2017-2018],0.083,0.034,0.024,0.15,0.01,0.007,12.0,38.0,1.27
b0[2018-2019],0.084,0.035,0.024,0.149,0.01,0.007,12.0,38.0,1.28
b0[2019-2020],0.084,0.035,0.024,0.15,0.01,0.007,12.0,47.0,1.27
b0[2020-2021],0.086,0.035,0.025,0.153,0.01,0.007,11.0,40.0,1.29
b0[2021-2022],0.084,0.034,0.022,0.148,0.01,0.007,11.0,31.0,1.29
mu_b1,-0.109,0.021,-0.153,-0.071,0.004,0.003,31.0,46.0,1.1
b1[1988-1989],-0.109,0.021,-0.156,-0.072,0.004,0.003,33.0,54.0,1.1
b1[1989-1990],-0.11,0.021,-0.152,-0.069,0.004,0.003,32.0,49.0,1.1
b1[1990-1991],-0.109,0.021,-0.153,-0.07,0.004,0.003,32.0,48.0,1.1
b1[1991-1992],-0.109,0.021,-0.149,-0.065,0.004,0.003,32.0,46.0,1.11
b1[1992-1993],-0.108,0.021,-0.153,-0.07,0.004,0.003,32.0,50.0,1.1
b1[1993-1994],-0.109,0.021,-0.149,-0.066,0.004,0.003,33.0,51.0,1.1
b1[1994-1995],-0.11,0.021,-0.156,-0.072,0.004,0.003,33.0,50.0,1.1
b1[1995-1996],-0.109,0.021,-0.151,-0.068,0.004,0.003,32.0,47.0,1.1
b1[1996-1997],-0.111,0.021,-0.156,-0.071,0.004,0.003,32.0,51.0,1.1
b1[1997-1998],-0.109,0.021,-0.151,-0.068,0.004,0.003,33.0,47.0,1.09
b1[1998-1999],-0.107,0.021,-0.145,-0.061,0.004,0.003,33.0,50.0,1.1
b1[1999-2000],-0.111,0.021,-0.156,-0.071,0.004,0.003,33.0,52.0,1.1
b1[2000-2001],-0.111,0.022,-0.156,-0.07,0.004,0.003,33.0,49.0,1.1
b1[2001-2002],-0.11,0.021,-0.156,-0.072,0.004,0.003,32.0,49.0,1.1
b1[2002-2003],-0.11,0.021,-0.157,-0.071,0.004,0.003,33.0,46.0,1.1
b1[2003-2004],-0.11,0.021,-0.153,-0.069,0.004,0.003,33.0,48.0,1.1
b1[2004-2005],-0.11,0.021,-0.154,-0.07,0.004,0.003,32.0,46.0,1.11
b1[2005-2006],-0.111,0.021,-0.157,-0.073,0.004,0.003,32.0,48.0,1.11
b1[2006-2007],-0.111,0.022,-0.158,-0.072,0.004,0.003,32.0,48.0,1.11
b1[2007-2008],-0.111,0.022,-0.156,-0.071,0.004,0.003,33.0,46.0,1.11
b1[2008-2009],-0.11,0.021,-0.151,-0.067,0.004,0.003,32.0,46.0,1.09
b1[2009-2010],-0.109,0.021,-0.153,-0.069,0.004,0.003,33.0,48.0,1.1
b1[2010-2011],-0.11,0.021,-0.154,-0.069,0.004,0.003,33.0,51.0,1.1
b1[2011-2012],-0.109,0.021,-0.155,-0.07,0.004,0.003,33.0,51.0,1.1
b1[2012-2013],-0.11,0.022,-0.156,-0.07,0.004,0.003,33.0,48.0,1.1
b1[2013-2014],-0.109,0.021,-0.148,-0.064,0.004,0.003,32.0,52.0,1.1
b1[2014-2015],-0.109,0.021,-0.152,-0.07,0.004,0.003,33.0,49.0,1.1
b1[2015-2016],-0.109,0.021,-0.152,-0.068,0.004,0.003,34.0,49.0,1.11
b1[2016-2017],-0.11,0.022,-0.15,-0.065,0.004,0.003,33.0,45.0,1.1
b1[2017-2018],-0.109,0.021,-0.147,-0.064,0.004,0.003,32.0,50.0,1.09
b1[2018-2019],-0.109,0.021,-0.148,-0.063,0.004,0.003,33.0,49.0,1.1
b1[2019-2020],-0.109,0.021,-0.147,-0.064,0.004,0.003,32.0,48.0,1.1
b1[2020-2021],-0.109,0.021,-0.156,-0.072,0.004,0.003,33.0,48.0,1.09
b1[2021-2022],-0.108,0.021,-0.149,-0.065,0.004,0.003,33.0,49.0,1.1
mu_b2,0.002,0.001,0.001,0.003,0.0,0.0,14.0,42.0,1.25
b2[1988-1989],0.002,0.001,0.001,0.003,0.0,0.0,15.0,40.0,1.23
b2[1989-1990],0.002,0.001,0.001,0.003,0.0,0.0,15.0,51.0,1.22
b2[1990-1991],0.002,0.001,0.001,0.003,0.0,0.0,15.0,41.0,1.22
b2[1991-1992],0.002,0.001,0.001,0.003,0.0,0.0,14.0,49.0,1.23
b2[1992-1993],0.002,0.001,0.001,0.003,0.0,0.0,15.0,46.0,1.22
b2[1993-1994],0.002,0.001,0.001,0.003,0.0,0.0,15.0,42.0,1.22
b2[1994-1995],0.002,0.001,0.001,0.003,0.0,0.0,15.0,47.0,1.21
b2[1995-1996],0.002,0.001,0.001,0.003,0.0,0.0,15.0,46.0,1.23
b2[1996-1997],0.002,0.001,0.001,0.003,0.0,0.0,14.0,45.0,1.23
b2[1997-1998],0.002,0.001,0.001,0.003,0.0,0.0,15.0,48.0,1.23
b2[1998-1999],0.002,0.001,0.001,0.003,0.0,0.0,14.0,50.0,1.23
b2[1999-2000],0.002,0.001,0.001,0.003,0.0,0.0,15.0,45.0,1.22
b2[2000-2001],0.002,0.001,0.001,0.003,0.0,0.0,14.0,60.0,1.23
b2[2001-2002],0.002,0.001,0.001,0.003,0.0,0.0,14.0,47.0,1.24
b2[2002-2003],0.002,0.001,0.001,0.003,0.0,0.0,14.0,57.0,1.23
b2[2003-2004],0.002,0.001,0.001,0.003,0.0,0.0,15.0,59.0,1.23
b2[2004-2005],0.002,0.001,0.001,0.003,0.0,0.0,15.0,38.0,1.23
b2[2005-2006],0.002,0.001,0.001,0.003,0.0,0.0,15.0,53.0,1.21
b2[2006-2007],0.002,0.001,0.001,0.003,0.0,0.0,14.0,58.0,1.23
b2[2007-2008],0.002,0.001,0.001,0.003,0.0,0.0,15.0,55.0,1.22
b2[2008-2009],0.002,0.001,0.001,0.003,0.0,0.0,16.0,55.0,1.21
b2[2009-2010],0.002,0.001,0.001,0.003,0.0,0.0,16.0,51.0,1.21
b2[2010-2011],0.002,0.001,0.001,0.003,0.0,0.0,14.0,43.0,1.23
b2[2011-2012],0.002,0.001,0.001,0.003,0.0,0.0,15.0,48.0,1.22
b2[2012-2013],0.002,0.001,0.001,0.003,0.0,0.0,15.0,47.0,1.21
b2[2013-2014],0.002,0.001,0.001,0.003,0.0,0.0,15.0,48.0,1.22
b2[2014-2015],0.002,0.001,0.001,0.003,0.0,0.0,15.0,42.0,1.23
b2[2015-2016],0.002,0.001,0.001,0.003,0.0,0.0,15.0,49.0,1.22
b2[2016-2017],0.002,0.001,0.001,0.003,0.0,0.0,14.0,52.0,1.24
b2[2017-2018],0.002,0.001,0.001,0.003,0.0,0.0,16.0,41.0,1.21
b2[2018-2019],0.002,0.001,0.001,0.003,0.0,0.0,15.0,43.0,1.22
b2[2019-2020],0.002,0.001,0.001,0.003,0.0,0.0,16.0,45.0,1.22
b2[2020-2021],0.002,0.001,0.001,0.003,0.0,0.0,14.0,38.0,1.23
b2[2021-2022],0.002,0.001,0.001,0.003,0.0,0.0,14.0,50.0,1.23
mu_b3,0.255,0.132,0.012,0.464,0.051,0.038,7.0,28.0,1.57
b3[1988-1989],0.256,0.133,0.006,0.467,0.051,0.038,7.0,28.0,1.55
b3[1989-1990],0.254,0.133,0.004,0.46,0.051,0.038,7.0,29.0,1.56
b3[1990-1991],0.255,0.133,0.006,0.468,0.051,0.038,7.0,34.0,1.55
b3[1991-1992],0.257,0.133,-0.001,0.462,0.052,0.038,7.0,32.0,1.56
b3[1992-1993],0.256,0.133,0.004,0.46,0.051,0.038,7.0,34.0,1.55
b3[1993-1994],0.256,0.134,0.003,0.466,0.052,0.038,7.0,26.0,1.56
b3[1994-1995],0.255,0.133,0.002,0.465,0.051,0.038,7.0,26.0,1.55
b3[1995-1996],0.255,0.133,0.003,0.462,0.051,0.038,7.0,29.0,1.56
b3[1996-1997],0.256,0.133,0.008,0.471,0.051,0.038,7.0,31.0,1.55
b3[1997-1998],0.256,0.133,0.003,0.461,0.051,0.038,7.0,30.0,1.56
b3[1998-1999],0.26,0.132,0.013,0.474,0.051,0.038,7.0,28.0,1.55
b3[1999-2000],0.254,0.133,0.002,0.464,0.051,0.038,7.0,25.0,1.55
b3[2000-2001],0.252,0.135,0.004,0.471,0.052,0.038,7.0,25.0,1.56
b3[2001-2002],0.253,0.134,0.002,0.462,0.051,0.038,7.0,26.0,1.55
b3[2002-2003],0.253,0.134,-0.003,0.46,0.052,0.038,7.0,26.0,1.56
b3[2003-2004],0.256,0.133,0.003,0.463,0.051,0.038,7.0,39.0,1.55
b3[2004-2005],0.251,0.134,0.004,0.462,0.052,0.038,7.0,26.0,1.56
b3[2005-2006],0.254,0.133,0.003,0.461,0.051,0.038,7.0,27.0,1.56
b3[2006-2007],0.256,0.133,0.001,0.463,0.052,0.038,7.0,32.0,1.56
b3[2007-2008],0.254,0.133,0.017,0.476,0.051,0.038,7.0,24.0,1.56
b3[2008-2009],0.255,0.133,0.009,0.469,0.051,0.038,7.0,30.0,1.55
b3[2009-2010],0.257,0.132,0.001,0.458,0.051,0.038,7.0,29.0,1.56
b3[2010-2011],0.255,0.133,0.006,0.466,0.051,0.038,7.0,23.0,1.56
b3[2011-2012],0.257,0.132,0.003,0.462,0.051,0.038,7.0,27.0,1.55
b3[2012-2013],0.254,0.134,0.005,0.462,0.051,0.038,7.0,30.0,1.55
b3[2013-2014],0.252,0.134,0.0,0.459,0.052,0.038,7.0,23.0,1.56
b3[2014-2015],0.256,0.133,0.0,0.461,0.051,0.038,7.0,33.0,1.55
b3[2015-2016],0.253,0.133,0.017,0.479,0.051,0.038,7.0,21.0,1.56
b3[2016-2017],0.25,0.134,-0.0,0.461,0.052,0.038,7.0,28.0,1.56
b3[2017-2018],0.256,0.133,0.016,0.476,0.051,0.038,7.0,28.0,1.55
b3[2018-2019],0.252,0.133,0.007,0.466,0.051,0.038,7.0,24.0,1.55
b3[2019-2020],0.256,0.132,0.003,0.46,0.051,0.038,7.0,29.0,1.55
b3[2020-2021],0.255,0.133,0.006,0.463,0.051,0.038,7.0,29.0,1.55
b3[2021-2022],0.253,0.133,0.005,0.46,0.051,0.038,7.0,29.0,1.56
mu_b4,-9.579,4.472,-17.613,-1.303,1.67,1.233,7.0,34.0,1.53
b4[1988-1989],-9.543,4.517,-17.267,-0.628,1.681,1.24,7.0,30.0,1.53
b4[1989-1990],-9.554,4.508,-17.159,-0.623,1.669,1.231,7.0,32.0,1.51
b4[1990-1991],-9.581,4.508,-17.622,-1.135,1.668,1.23,7.0,35.0,1.52
b4[1991-1992],-9.557,4.493,-17.693,-1.346,1.662,1.226,7.0,32.0,1.51
b4[1992-1993],-9.498,4.491,-17.669,-1.144,1.667,1.23,7.0,32.0,1.52
b4[1993-1994],-9.484,4.489,-17.802,-1.25,1.657,1.221,7.0,32.0,1.52
b4[1994-1995],-9.504,4.477,-17.104,-0.65,1.659,1.223,7.0,32.0,1.51
b4[1995-1996],-9.524,4.504,-17.328,-0.806,1.666,1.228,7.0,32.0,1.52
b4[1996-1997],-9.595,4.503,-17.737,-1.253,1.665,1.228,7.0,35.0,1.52
b4[1997-1998],-9.536,4.527,-17.395,-0.766,1.674,1.234,7.0,34.0,1.51
b4[1998-1999],-9.438,4.507,-17.795,-1.237,1.662,1.225,7.0,33.0,1.52
b4[1999-2000],-9.643,4.503,-17.704,-1.344,1.662,1.226,7.0,33.0,1.51
b4[2000-2001],-9.717,4.521,-17.8,-1.396,1.677,1.237,7.0,38.0,1.51
b4[2001-2002],-9.604,4.515,-17.716,-1.036,1.671,1.233,7.0,33.0,1.52
b4[2002-2003],-9.647,4.535,-17.704,-1.1,1.68,1.239,7.0,33.0,1.51
b4[2003-2004],-9.651,4.507,-17.891,-1.329,1.675,1.236,7.0,36.0,1.52
b4[2004-2005],-9.66,4.522,-17.55,-1.069,1.674,1.235,7.0,34.0,1.52
b4[2005-2006],-9.624,4.486,-17.637,-1.29,1.665,1.228,7.0,39.0,1.52
b4[2006-2007],-9.612,4.514,-17.517,-0.976,1.674,1.234,7.0,31.0,1.52
b4[2007-2008],-9.613,4.542,-17.655,-0.872,1.688,1.245,7.0,32.0,1.52
b4[2008-2009],-9.561,4.493,-17.701,-1.096,1.669,1.231,7.0,31.0,1.52
b4[2009-2010],-9.537,4.504,-17.51,-1.122,1.667,1.229,7.0,31.0,1.52
b4[2010-2011],-9.646,4.494,-17.388,-1.014,1.664,1.227,7.0,38.0,1.52
b4[2011-2012],-9.482,4.511,-17.599,-0.981,1.67,1.232,7.0,34.0,1.52
b4[2012-2013],-9.617,4.509,-17.675,-1.066,1.667,1.229,7.0,36.0,1.52
b4[2013-2014],-9.506,4.524,-17.286,-0.54,1.677,1.237,7.0,34.0,1.52
b4[2014-2015],-9.567,4.519,-17.208,-0.613,1.675,1.235,7.0,37.0,1.52
b4[2015-2016],-9.598,4.512,-17.802,-1.226,1.673,1.234,7.0,29.0,1.52
b4[2016-2017],-9.687,4.507,-17.702,-1.224,1.664,1.227,7.0,36.0,1.51
b4[2017-2018],-9.546,4.481,-17.772,-1.274,1.66,1.224,7.0,33.0,1.52
b4[2018-2019],-9.584,4.501,-17.765,-1.333,1.664,1.227,7.0,37.0,1.52
b4[2019-2020],-9.528,4.482,-17.759,-1.193,1.659,1.223,7.0,33.0,1.52
b4[2020-2021],-9.561,4.501,-17.831,-1.256,1.671,1.232,7.0,30.0,1.53
b4[2021-2022],-9.6,4.519,-17.739,-1.155,1.671,1.232,7.0,38.0,1.52
mu_b5,-2.288,1.006,-4.087,-0.358,0.204,0.146,25.0,235.0,1.12
b5[1988-1989],-2.197,1.544,-5.111,0.842,0.218,0.155,49.0,119.0,1.06
b5[1989-1990],-2.611,1.668,-5.458,0.611,0.192,0.136,56.0,194.0,1.06
b5[1990-1991],-2.629,1.607,-5.824,0.158,0.133,0.094,112.0,268.0,1.04
b5[1991-1992],-1.924,1.572,-4.736,1.055,0.227,0.161,49.0,251.0,1.07
b5[1992-1993],-1.743,1.584,-4.601,1.5,0.212,0.15,56.0,377.0,1.06
b5[1993-1994],-1.858,1.564,-4.678,1.227,0.2,0.142,60.0,300.0,1.06
b5[1994-1995],-2.187,1.445,-4.803,0.796,0.237,0.169,38.0,146.0,1.08
b5[1995-1996],-1.89,1.467,-4.393,1.05,0.209,0.149,51.0,610.0,1.06
b5[1996-1997],-2.626,1.514,-5.54,0.259,0.178,0.127,61.0,261.0,1.05
b5[1997-1998],-1.966,1.518,-4.726,0.99,0.209,0.149,53.0,609.0,1.06
b5[1998-1999],-2.323,1.464,-5.129,0.42,0.231,0.165,39.0,299.0,1.07
b5[1999-2000],-2.239,1.498,-5.14,0.63,0.205,0.146,50.0,242.0,1.06
b5[2000-2001],-2.616,1.597,-5.748,0.264,0.164,0.117,81.0,249.0,1.05
b5[2001-2002],-2.345,1.476,-5.085,0.662,0.158,0.112,77.0,209.0,1.05
b5[2002-2003],-2.415,1.471,-5.428,0.135,0.154,0.109,83.0,596.0,1.04
b5[2003-2004],-2.186,1.456,-5.026,0.414,0.206,0.146,48.0,341.0,1.06
b5[2004-2005],-2.165,1.423,-4.682,0.69,0.149,0.106,85.0,487.0,1.04
b5[2005-2006],-2.576,1.533,-5.668,0.199,0.148,0.105,96.0,367.0,1.04
b5[2006-2007],-2.435,1.422,-5.022,0.359,0.21,0.15,46.0,370.0,1.06
b5[2007-2008],-2.323,1.398,-4.984,0.351,0.169,0.12,67.0,440.0,1.05
b5[2008-2009],-2.452,1.454,-5.166,0.264,0.163,0.116,71.0,338.0,1.05
b5[2009-2010],-2.178,1.44,-4.807,0.614,0.176,0.125,65.0,439.0,1.05
b5[2010-2011],-2.483,1.502,-5.244,0.256,0.169,0.12,69.0,335.0,1.05
b5[2011-2012],-2.544,1.549,-5.473,0.37,0.198,0.141,57.0,164.0,1.06
b5[2012-2013],-2.76,1.612,-5.8,0.192,0.131,0.093,147.0,228.0,1.04
b5[2013-2014],-2.407,1.428,-5.13,0.258,0.142,0.1,97.0,256.0,1.04
b5[2014-2015],-2.594,1.535,-5.388,0.254,0.175,0.124,69.0,210.0,1.05
b5[2015-2016],-2.161,1.418,-4.708,0.673,0.182,0.129,60.0,455.0,1.05
b5[2016-2017],-2.681,1.469,-5.588,-0.052,0.109,0.077,121.0,433.0,1.04
b5[2017-2018],-2.234,1.345,-4.808,0.385,0.174,0.123,60.0,295.0,1.05
b5[2018-2019],-1.668,1.545,-4.518,1.284,0.234,0.167,42.0,313.0,1.08
b5[2019-2020],-2.506,1.399,-5.026,0.157,0.163,0.116,64.0,303.0,1.05
b5[2020-2021],-2.032,1.379,-4.454,0.65,0.226,0.161,38.0,100.0,1.07
b5[2021-2022],-2.068,1.403,-4.643,0.625,0.199,0.142,49.0,362.0,1.06
mu_b6,0.065,0.76,-1.389,1.436,0.102,0.072,57.0,349.0,1.05
b6[1988-1989],-0.24,1.468,-3.097,2.461,0.123,0.087,142.0,556.0,1.03
b6[1989-1990],-0.012,1.405,-2.743,2.764,0.066,0.07,319.0,809.0,1.03
b6[1990-1991],-0.243,1.3,-3.008,1.814,0.093,0.066,206.0,817.0,1.02
b6[1991-1992],-0.052,1.426,-2.866,2.632,0.076,0.061,263.0,494.0,1.03
b6[1992-1993],-0.426,1.481,-3.54,1.934,0.164,0.116,95.0,482.0,1.04
b6[1993-1994],0.451,1.335,-2.198,2.932,0.09,0.064,159.0,553.0,1.03
b6[1994-1995],0.293,1.354,-2.168,3.017,0.077,0.055,274.0,523.0,1.02
b6[1995-1996],0.051,1.338,-2.736,2.532,0.107,0.076,149.0,695.0,1.03
b6[1996-1997],-0.123,1.267,-2.621,2.23,0.081,0.058,213.0,763.0,1.02
b6[1997-1998],0.289,1.274,-2.068,2.796,0.063,0.044,378.0,846.0,1.02
b6[1998-1999],-0.706,1.342,-3.395,1.301,0.253,0.181,30.0,132.0,1.09
b6[1999-2000],-0.009,1.352,-2.672,2.563,0.072,0.051,333.0,418.0,1.02
b6[2000-2001],-0.075,1.408,-3.047,2.281,0.106,0.075,151.0,664.0,1.02
b6[2001-2002],-0.043,1.384,-2.671,2.538,0.074,0.053,312.0,532.0,1.02
b6[2002-2003],-0.24,1.455,-3.007,2.447,0.092,0.065,261.0,480.0,1.03
b6[2003-2004],-0.293,1.359,-3.114,2.073,0.111,0.078,143.0,596.0,1.03
b6[2004-2005],-0.298,1.434,-3.255,2.13,0.113,0.08,161.0,508.0,1.03
b6[2005-2006],-0.026,1.173,-2.353,2.04,0.074,0.052,251.0,859.0,1.02
b6[2006-2007],0.462,1.004,-1.376,2.333,0.09,0.064,115.0,1021.0,1.03
b6[2007-2008],-0.388,1.481,-3.521,1.943,0.127,0.09,137.0,440.0,1.03
b6[2008-2009],0.577,1.384,-2.054,3.31,0.109,0.082,175.0,355.0,1.03
b6[2009-2010],-0.147,1.327,-2.715,2.332,0.1,0.071,210.0,739.0,1.02
b6[2010-2011],-0.347,1.476,-3.278,2.161,0.109,0.077,210.0,384.0,1.03
b6[2011-2012],1.244,1.657,-1.256,4.876,0.227,0.161,57.0,344.0,1.06
b6[2012-2013],0.665,1.295,-1.71,3.232,0.095,0.067,166.0,885.0,1.03
b6[2013-2014],0.194,1.047,-1.738,2.123,0.056,0.04,373.0,881.0,1.02
b6[2014-2015],0.312,1.298,-2.18,2.928,0.053,0.06,573.0,673.0,1.03
b6[2015-2016],0.342,1.19,-1.933,2.592,0.075,0.053,217.0,924.0,1.02
b6[2016-2017],0.435,1.408,-2.124,3.273,0.072,0.054,343.0,473.0,1.02
b6[2017-2018],0.268,1.237,-2.112,2.547,0.059,0.049,438.0,852.0,1.02
b6[2018-2019],0.41,1.322,-2.026,3.173,0.129,0.091,101.0,500.0,1.03
b6[2019-2020],0.245,1.283,-2.355,2.624,0.075,0.053,251.0,866.0,1.02
b6[2020-2021],-0.12,1.38,-2.862,2.437,0.121,0.085,123.0,675.0,1.04
b6[2021-2022],-0.243,1.326,-2.933,2.122,0.114,0.081,115.0,850.0,1.03
mu_b7,-0.297,0.148,-0.535,-0.014,0.063,0.047,6.0,20.0,1.91
b7[1988-1989],-0.297,0.153,-0.562,-0.019,0.063,0.047,6.0,23.0,1.76
b7[1989-1990],-0.304,0.156,-0.581,-0.025,0.065,0.048,6.0,22.0,1.79
b7[1990-1991],-0.29,0.152,-0.564,-0.024,0.061,0.046,6.0,23.0,1.71
b7[1991-1992],-0.301,0.151,-0.558,-0.02,0.063,0.047,6.0,24.0,1.78
b7[1992-1993],-0.315,0.159,-0.586,-0.022,0.065,0.049,6.0,24.0,1.75
b7[1993-1994],-0.304,0.152,-0.566,-0.021,0.062,0.046,6.0,24.0,1.74
b7[1994-1995],-0.263,0.153,-0.534,0.022,0.059,0.043,7.0,22.0,1.59
b7[1995-1996],-0.297,0.153,-0.563,-0.019,0.063,0.047,6.0,25.0,1.75
b7[1996-1997],-0.295,0.153,-0.574,-0.027,0.062,0.047,6.0,22.0,1.73
b7[1997-1998],-0.305,0.154,-0.567,-0.02,0.064,0.048,6.0,24.0,1.76
b7[1998-1999],-0.308,0.152,-0.562,-0.018,0.064,0.048,6.0,21.0,1.83
b7[1999-2000],-0.306,0.155,-0.571,-0.02,0.063,0.047,6.0,27.0,1.73
b7[2000-2001],-0.291,0.152,-0.557,-0.009,0.062,0.046,6.0,21.0,1.72
b7[2001-2002],-0.294,0.153,-0.566,-0.02,0.062,0.046,6.0,22.0,1.71
b7[2002-2003],-0.3,0.155,-0.574,-0.023,0.064,0.047,6.0,26.0,1.73
b7[2003-2004],-0.298,0.153,-0.566,-0.022,0.063,0.047,6.0,24.0,1.75
b7[2004-2005],-0.289,0.154,-0.567,-0.019,0.063,0.047,6.0,22.0,1.73
b7[2005-2006],-0.278,0.153,-0.558,-0.011,0.06,0.045,7.0,22.0,1.64
b7[2006-2007],-0.295,0.153,-0.565,-0.019,0.063,0.047,6.0,24.0,1.75
b7[2007-2008],-0.299,0.155,-0.575,-0.015,0.064,0.047,6.0,24.0,1.74
b7[2008-2009],-0.294,0.153,-0.569,-0.02,0.064,0.048,6.0,22.0,1.8
b7[2009-2010],-0.3,0.153,-0.571,-0.028,0.063,0.047,6.0,24.0,1.75
b7[2010-2011],-0.291,0.151,-0.565,-0.026,0.061,0.046,6.0,22.0,1.73
b7[2011-2012],-0.28,0.151,-0.557,-0.009,0.06,0.045,6.0,23.0,1.66
b7[2012-2013],-0.292,0.154,-0.567,-0.016,0.063,0.047,6.0,22.0,1.74
b7[2013-2014],-0.32,0.163,-0.601,-0.024,0.069,0.051,6.0,23.0,1.85
b7[2014-2015],-0.284,0.153,-0.566,-0.015,0.062,0.046,6.0,20.0,1.7
b7[2015-2016],-0.279,0.152,-0.542,0.008,0.061,0.046,6.0,22.0,1.71
b7[2016-2017],-0.301,0.156,-0.576,-0.021,0.064,0.048,6.0,26.0,1.76
b7[2017-2018],-0.309,0.156,-0.581,-0.024,0.065,0.048,6.0,26.0,1.77
b7[2018-2019],-0.328,0.164,-0.591,-0.016,0.067,0.05,6.0,23.0,1.77
b7[2019-2020],-0.303,0.156,-0.565,-0.006,0.065,0.049,6.0,23.0,1.83
b7[2020-2021],-0.3,0.154,-0.572,-0.021,0.064,0.047,6.0,24.0,1.75
b7[2021-2022],-0.305,0.155,-0.574,-0.021,0.064,0.048,6.0,22.0,1.76
mu_b8,-0.068,0.131,-0.307,0.171,0.053,0.039,6.0,13.0,1.64
b8[1988-1989],-0.068,0.133,-0.324,0.171,0.053,0.039,7.0,14.0,1.62
b8[1989-1990],-0.07,0.133,-0.321,0.17,0.053,0.039,7.0,14.0,1.62
b8[1990-1991],-0.07,0.132,-0.316,0.172,0.052,0.039,7.0,15.0,1.62
b8[1991-1992],-0.066,0.132,-0.293,0.194,0.053,0.039,7.0,13.0,1.63
b8[1992-1993],-0.076,0.132,-0.321,0.163,0.052,0.039,7.0,14.0,1.61
b8[1993-1994],-0.072,0.132,-0.312,0.173,0.052,0.039,7.0,14.0,1.62
b8[1994-1995],-0.064,0.133,-0.314,0.176,0.053,0.039,7.0,13.0,1.64
b8[1995-1996],-0.069,0.132,-0.302,0.188,0.052,0.039,7.0,14.0,1.62
b8[1996-1997],-0.067,0.133,-0.289,0.2,0.053,0.039,7.0,14.0,1.61
b8[1997-1998],-0.072,0.132,-0.304,0.184,0.052,0.039,7.0,15.0,1.62
b8[1998-1999],-0.062,0.133,-0.278,0.208,0.053,0.039,7.0,14.0,1.63
b8[1999-2000],-0.071,0.133,-0.312,0.177,0.053,0.039,7.0,14.0,1.63
b8[2000-2001],-0.069,0.132,-0.311,0.174,0.053,0.039,7.0,15.0,1.62
b8[2001-2002],-0.065,0.133,-0.316,0.176,0.053,0.039,7.0,14.0,1.63
b8[2002-2003],-0.068,0.133,-0.31,0.175,0.053,0.039,7.0,14.0,1.63
b8[2003-2004],-0.068,0.133,-0.314,0.174,0.053,0.039,7.0,14.0,1.63
b8[2004-2005],-0.067,0.133,-0.265,0.229,0.053,0.039,7.0,13.0,1.62
b8[2005-2006],-0.07,0.133,-0.315,0.169,0.053,0.039,7.0,15.0,1.63
b8[2006-2007],-0.067,0.133,-0.311,0.178,0.053,0.039,7.0,14.0,1.63
b8[2007-2008],-0.065,0.132,-0.305,0.181,0.053,0.039,7.0,14.0,1.63
b8[2008-2009],-0.067,0.133,-0.31,0.178,0.053,0.039,7.0,14.0,1.63
b8[2009-2010],-0.071,0.133,-0.307,0.19,0.053,0.039,7.0,15.0,1.62
b8[2010-2011],-0.071,0.133,-0.312,0.17,0.053,0.039,7.0,15.0,1.62
b8[2011-2012],-0.067,0.133,-0.308,0.182,0.053,0.039,7.0,14.0,1.63
b8[2012-2013],-0.063,0.132,-0.315,0.171,0.053,0.039,7.0,12.0,1.63
b8[2013-2014],-0.068,0.132,-0.311,0.176,0.053,0.039,7.0,14.0,1.63
b8[2014-2015],-0.064,0.133,-0.313,0.175,0.053,0.039,7.0,14.0,1.63
b8[2015-2016],-0.061,0.133,-0.28,0.209,0.053,0.039,7.0,13.0,1.64
b8[2016-2017],-0.071,0.133,-0.313,0.169,0.053,0.039,7.0,14.0,1.63
b8[2017-2018],-0.073,0.133,-0.295,0.193,0.053,0.039,7.0,13.0,1.63
b8[2018-2019],-0.073,0.132,-0.312,0.172,0.052,0.039,7.0,14.0,1.61
b8[2019-2020],-0.066,0.133,-0.305,0.175,0.053,0.039,7.0,14.0,1.64
b8[2020-2021],-0.068,0.133,-0.314,0.177,0.053,0.039,6.0,14.0,1.64
b8[2021-2022],-0.068,0.132,-0.305,0.184,0.052,0.039,7.0,14.0,1.62
mu_b9,0.195,0.26,-0.351,0.565,0.107,0.079,6.0,14.0,1.74
b9[1988-1989],0.196,0.261,-0.335,0.582,0.107,0.08,6.0,15.0,1.73
b9[1989-1990],0.194,0.261,-0.341,0.576,0.107,0.079,6.0,15.0,1.72
b9[1990-1991],0.194,0.26,-0.337,0.581,0.106,0.079,6.0,14.0,1.71
b9[1991-1992],0.197,0.262,-0.343,0.581,0.107,0.08,6.0,14.0,1.72
b9[1992-1993],0.186,0.259,-0.363,0.542,0.106,0.079,6.0,15.0,1.71
b9[1993-1994],0.19,0.26,-0.354,0.558,0.107,0.079,6.0,15.0,1.71
b9[1994-1995],0.204,0.263,-0.349,0.582,0.108,0.08,6.0,14.0,1.73
b9[1995-1996],0.194,0.26,-0.341,0.576,0.106,0.079,6.0,14.0,1.72
b9[1996-1997],0.197,0.262,-0.367,0.554,0.107,0.08,6.0,14.0,1.73
b9[1997-1998],0.189,0.259,-0.366,0.55,0.106,0.079,6.0,15.0,1.71
b9[1998-1999],0.199,0.263,-0.34,0.585,0.108,0.08,6.0,14.0,1.73
b9[1999-2000],0.191,0.259,-0.348,0.561,0.106,0.079,6.0,15.0,1.71
b9[2000-2001],0.197,0.261,-0.347,0.576,0.107,0.08,6.0,15.0,1.72
b9[2001-2002],0.199,0.262,-0.374,0.549,0.107,0.08,6.0,14.0,1.73
b9[2002-2003],0.194,0.26,-0.333,0.579,0.106,0.079,6.0,14.0,1.72
b9[2003-2004],0.196,0.261,-0.36,0.556,0.107,0.08,6.0,14.0,1.73
b9[2004-2005],0.197,0.262,-0.369,0.552,0.107,0.08,6.0,14.0,1.73
b9[2005-2006],0.198,0.262,-0.342,0.579,0.107,0.08,6.0,14.0,1.73
b9[2006-2007],0.197,0.261,-0.365,0.555,0.107,0.08,6.0,14.0,1.73
b9[2007-2008],0.199,0.262,-0.344,0.58,0.107,0.08,6.0,14.0,1.73
b9[2008-2009],0.197,0.261,-0.34,0.577,0.107,0.08,6.0,14.0,1.73
b9[2009-2010],0.192,0.26,-0.359,0.552,0.106,0.079,6.0,15.0,1.72
b9[2010-2011],0.193,0.26,-0.342,0.574,0.106,0.079,6.0,15.0,1.71
b9[2011-2012],0.198,0.261,-0.346,0.58,0.107,0.08,6.0,14.0,1.72
b9[2012-2013],0.201,0.262,-0.367,0.563,0.107,0.08,6.0,14.0,1.73
b9[2013-2014],0.192,0.259,-0.361,0.546,0.106,0.079,6.0,14.0,1.72
b9[2014-2015],0.2,0.262,-0.353,0.578,0.107,0.08,6.0,14.0,1.72
b9[2015-2016],0.204,0.264,-0.355,0.579,0.108,0.08,6.0,14.0,1.74
b9[2016-2017],0.194,0.26,-0.34,0.577,0.107,0.079,6.0,15.0,1.72
b9[2017-2018],0.19,0.258,-0.363,0.551,0.105,0.079,6.0,15.0,1.71
b9[2018-2019],0.188,0.259,-0.362,0.547,0.106,0.079,6.0,16.0,1.72
b9[2019-2020],0.198,0.261,-0.344,0.577,0.107,0.08,6.0,14.0,1.72
b9[2020-2021],0.196,0.261,-0.362,0.559,0.107,0.079,6.0,14.0,1.72
b9[2021-2022],0.193,0.26,-0.333,0.584,0.107,0.079,6.0,15.0,1.72
mu_b10,0.019,0.016,-0.011,0.049,0.004,0.003,17.0,84.0,1.17
b10[1988-1989],0.018,0.019,-0.018,0.054,0.004,0.003,25.0,104.0,1.11
b10[1989-1990],0.019,0.019,-0.017,0.055,0.004,0.003,26.0,85.0,1.11
b10[1990-1991],0.019,0.019,-0.016,0.054,0.004,0.003,24.0,131.0,1.12
b10[1991-1992],0.021,0.019,-0.013,0.057,0.004,0.003,21.0,85.0,1.13
b10[1992-1993],0.022,0.019,-0.016,0.056,0.004,0.003,21.0,86.0,1.13
b10[1993-1994],0.021,0.019,-0.015,0.056,0.004,0.003,21.0,67.0,1.12
b10[1994-1995],0.017,0.019,-0.019,0.05,0.004,0.003,27.0,110.0,1.1
b10[1995-1996],0.017,0.018,-0.017,0.052,0.004,0.003,24.0,101.0,1.11
b10[1996-1997],0.017,0.018,-0.019,0.052,0.004,0.003,26.0,71.0,1.11
b10[1997-1998],0.018,0.018,-0.017,0.052,0.004,0.003,22.0,60.0,1.13
b10[1998-1999],0.021,0.018,-0.015,0.053,0.004,0.003,18.0,66.0,1.14
b10[1999-2000],0.02,0.018,-0.016,0.052,0.004,0.003,23.0,88.0,1.11
b10[2000-2001],0.017,0.019,-0.02,0.051,0.004,0.003,26.0,78.0,1.11
b10[2001-2002],0.018,0.018,-0.015,0.052,0.003,0.002,25.0,86.0,1.12
b10[2002-2003],0.019,0.019,-0.017,0.053,0.004,0.003,25.0,119.0,1.12
b10[2003-2004],0.019,0.018,-0.015,0.054,0.004,0.003,23.0,94.0,1.12
b10[2004-2005],0.018,0.018,-0.017,0.053,0.004,0.003,23.0,87.0,1.12
b10[2005-2006],0.016,0.019,-0.022,0.05,0.004,0.003,23.0,67.0,1.12
b10[2006-2007],0.018,0.018,-0.018,0.052,0.004,0.003,21.0,54.0,1.13
b10[2007-2008],0.02,0.018,-0.016,0.053,0.004,0.003,22.0,66.0,1.13
b10[2008-2009],0.018,0.018,-0.017,0.053,0.004,0.003,24.0,76.0,1.12
b10[2009-2010],0.02,0.018,-0.016,0.054,0.004,0.003,25.0,110.0,1.11
b10[2010-2011],0.019,0.018,-0.015,0.054,0.004,0.003,24.0,88.0,1.12
b10[2011-2012],0.02,0.018,-0.014,0.054,0.004,0.003,22.0,82.0,1.12
b10[2012-2013],0.018,0.019,-0.019,0.051,0.004,0.003,24.0,73.0,1.11
b10[2013-2014],0.021,0.018,-0.015,0.055,0.004,0.003,21.0,85.0,1.13
b10[2014-2015],0.016,0.019,-0.022,0.051,0.004,0.003,24.0,61.0,1.12
b10[2015-2016],0.016,0.019,-0.021,0.05,0.004,0.003,29.0,106.0,1.1
b10[2016-2017],0.018,0.018,-0.017,0.053,0.004,0.003,23.0,64.0,1.12
b10[2017-2018],0.018,0.019,-0.019,0.051,0.004,0.003,22.0,65.0,1.12
b10[2018-2019],0.022,0.018,-0.011,0.058,0.004,0.003,21.0,102.0,1.13
b10[2019-2020],0.019,0.018,-0.014,0.053,0.004,0.003,22.0,91.0,1.12
b10[2020-2021],0.019,0.019,-0.02,0.052,0.004,0.003,24.0,63.0,1.11
b10[2021-2022],0.021,0.018,-0.013,0.057,0.004,0.003,21.0,98.0,1.13
mu_b11,-0.133,0.286,-0.667,0.415,0.091,0.066,10.0,30.0,1.33
b11[1988-1989],-0.196,0.398,-0.968,0.547,0.086,0.062,21.0,66.0,1.14
b11[1989-1990],-0.224,0.404,-0.991,0.531,0.083,0.059,23.0,95.0,1.12
b11[1990-1991],-0.201,0.393,-0.878,0.602,0.087,0.063,20.0,79.0,1.13
b11[1991-1992],-0.158,0.396,-0.884,0.666,0.081,0.058,24.0,73.0,1.12
b11[1992-1993],0.083,0.427,-0.669,0.882,0.112,0.081,15.0,128.0,1.19
b11[1993-1994],0.109,0.432,-0.642,0.955,0.123,0.089,13.0,73.0,1.23
b11[1994-1995],-0.144,0.376,-0.822,0.603,0.091,0.065,17.0,59.0,1.16
b11[1995-1996],-0.228,0.353,-0.915,0.442,0.077,0.055,21.0,51.0,1.14
b11[1996-1997],-0.303,0.396,-1.015,0.532,0.077,0.055,26.0,78.0,1.12
b11[1997-1998],-0.18,0.4,-0.871,0.663,0.091,0.065,20.0,83.0,1.14
b11[1998-1999],0.229,0.457,-0.523,1.1,0.133,0.097,12.0,59.0,1.24
b11[1999-2000],-0.023,0.396,-0.657,0.838,0.102,0.074,16.0,83.0,1.18
b11[2000-2001],-0.308,0.416,-1.116,0.474,0.072,0.051,33.0,78.0,1.09
b11[2001-2002],-0.345,0.411,-1.089,0.502,0.072,0.051,32.0,55.0,1.1
b11[2002-2003],-0.355,0.423,-1.223,0.416,0.061,0.044,45.0,101.0,1.07
b11[2003-2004],-0.08,0.384,-0.791,0.661,0.095,0.068,17.0,112.0,1.17
b11[2004-2005],-0.227,0.38,-0.976,0.5,0.074,0.053,25.0,105.0,1.12
b11[2005-2006],-0.189,0.419,-0.98,0.619,0.079,0.056,27.0,162.0,1.11
b11[2006-2007],-0.283,0.405,-1.005,0.561,0.076,0.054,27.0,113.0,1.11
b11[2007-2008],-0.325,0.417,-1.083,0.519,0.07,0.05,33.0,91.0,1.09
b11[2008-2009],-0.209,0.399,-0.958,0.565,0.088,0.063,20.0,68.0,1.13
b11[2009-2010],-0.321,0.425,-1.112,0.526,0.074,0.053,30.0,63.0,1.1
b11[2010-2011],-0.069,0.412,-0.8,0.75,0.098,0.07,18.0,93.0,1.15
b11[2011-2012],-0.014,0.409,-0.686,0.834,0.109,0.079,15.0,69.0,1.19
b11[2012-2013],-0.131,0.403,-0.924,0.604,0.098,0.071,17.0,50.0,1.16
b11[2013-2014],-0.238,0.406,-1.032,0.526,0.087,0.062,22.0,76.0,1.13
b11[2014-2015],-0.201,0.411,-0.948,0.633,0.083,0.059,24.0,96.0,1.12
b11[2015-2016],-0.148,0.406,-0.937,0.61,0.09,0.065,20.0,100.0,1.14
b11[2016-2017],-0.094,0.394,-0.764,0.734,0.095,0.068,18.0,60.0,1.16
b11[2017-2018],0.031,0.419,-0.717,0.845,0.11,0.079,15.0,63.0,1.18
b11[2018-2019],-0.081,0.412,-0.852,0.746,0.106,0.076,16.0,68.0,1.18
b11[2019-2020],0.225,0.51,-0.619,1.179,0.135,0.098,14.0,84.0,1.2
b11[2020-2021],0.101,0.462,-0.655,1.029,0.123,0.089,14.0,91.0,1.2
b11[2021-2022],-0.082,0.393,-0.8,0.671,0.104,0.075,14.0,57.0,1.2
mu_b12,0.166,0.137,-0.087,0.43,0.048,0.035,8.0,29.0,1.42
b12[1988-1989],0.187,0.194,-0.168,0.562,0.047,0.034,17.0,153.0,1.16
b12[1989-1990],0.152,0.208,-0.238,0.538,0.047,0.034,19.0,105.0,1.14
b12[1990-1991],0.191,0.193,-0.154,0.571,0.044,0.031,19.0,395.0,1.14
b12[1991-1992],0.021,0.218,-0.412,0.394,0.043,0.031,23.0,70.0,1.13
b12[1992-1993],0.03,0.228,-0.406,0.445,0.044,0.031,23.0,65.0,1.13
b12[1993-1994],0.086,0.221,-0.349,0.498,0.043,0.031,22.0,155.0,1.13
b12[1994-1995],0.053,0.212,-0.339,0.453,0.04,0.028,25.0,56.0,1.12
b12[1995-1996],0.082,0.208,-0.331,0.457,0.048,0.034,18.0,42.0,1.16
b12[1996-1997],0.178,0.185,-0.158,0.546,0.047,0.034,15.0,138.0,1.19
b12[1997-1998],0.174,0.196,-0.163,0.579,0.049,0.036,16.0,94.0,1.17
b12[1998-1999],0.25,0.189,-0.081,0.631,0.048,0.035,15.0,218.0,1.19
b12[1999-2000],0.14,0.21,-0.249,0.524,0.05,0.036,17.0,67.0,1.17
b12[2000-2001],0.26,0.21,-0.115,0.665,0.054,0.039,14.0,224.0,1.2
b12[2001-2002],0.271,0.21,-0.124,0.653,0.053,0.039,15.0,330.0,1.19
b12[2002-2003],0.227,0.208,-0.128,0.642,0.054,0.039,14.0,176.0,1.2
b12[2003-2004],0.141,0.191,-0.215,0.499,0.046,0.033,17.0,88.0,1.16
b12[2004-2005],0.179,0.199,-0.188,0.564,0.049,0.035,16.0,156.0,1.17
b12[2005-2006],0.264,0.215,-0.097,0.714,0.055,0.039,15.0,196.0,1.19
b12[2006-2007],0.207,0.194,-0.154,0.581,0.045,0.032,18.0,386.0,1.15
b12[2007-2008],0.173,0.199,-0.202,0.548,0.049,0.035,16.0,144.0,1.18
b12[2008-2009],0.202,0.206,-0.173,0.615,0.048,0.035,18.0,268.0,1.15
b12[2009-2010],0.235,0.206,-0.165,0.612,0.056,0.04,14.0,309.0,1.21
b12[2010-2011],0.204,0.203,-0.162,0.598,0.05,0.036,16.0,133.0,1.17
b12[2011-2012],0.131,0.199,-0.262,0.501,0.046,0.033,17.0,76.0,1.16
b12[2012-2013],0.189,0.189,-0.152,0.582,0.047,0.034,16.0,126.0,1.17
b12[2013-2014],0.114,0.198,-0.245,0.502,0.047,0.034,17.0,108.0,1.17
b12[2014-2015],0.213,0.181,-0.135,0.536,0.053,0.038,12.0,56.0,1.25
b12[2015-2016],0.138,0.182,-0.225,0.462,0.045,0.033,16.0,75.0,1.18
b12[2016-2017],0.207,0.195,-0.148,0.568,0.047,0.034,16.0,313.0,1.17
b12[2017-2018],0.187,0.198,-0.197,0.561,0.048,0.035,16.0,204.0,1.17
b12[2018-2019],0.042,0.211,-0.38,0.425,0.044,0.031,21.0,42.0,1.14
b12[2019-2020],0.172,0.187,-0.193,0.512,0.045,0.032,17.0,186.0,1.16
b12[2020-2021],0.172,0.185,-0.194,0.508,0.045,0.032,17.0,118.0,1.16
b12[2021-2022],0.138,0.194,-0.235,0.496,0.044,0.031,19.0,155.0,1.15
mu_b13,0.113,0.037,0.049,0.19,0.01,0.008,14.0,56.0,1.22
b13[1988-1989],0.112,0.041,0.039,0.196,0.01,0.007,18.0,65.0,1.16
b13[1989-1990],0.111,0.042,0.037,0.194,0.01,0.008,18.0,81.0,1.16
b13[1990-1991],0.112,0.041,0.038,0.194,0.01,0.008,17.0,60.0,1.17
b13[1991-1992],0.116,0.041,0.044,0.198,0.01,0.007,17.0,88.0,1.17
b13[1992-1993],0.115,0.04,0.043,0.193,0.01,0.008,15.0,56.0,1.19
b13[1993-1994],0.114,0.041,0.042,0.195,0.01,0.008,18.0,98.0,1.16
b13[1994-1995],0.116,0.041,0.047,0.206,0.01,0.008,16.0,73.0,1.18
b13[1995-1996],0.113,0.041,0.043,0.196,0.01,0.008,17.0,75.0,1.17
b13[1996-1997],0.11,0.041,0.035,0.189,0.01,0.008,17.0,54.0,1.17
b13[1997-1998],0.11,0.042,0.037,0.197,0.01,0.008,18.0,61.0,1.17
b13[1998-1999],0.113,0.04,0.04,0.196,0.01,0.008,16.0,55.0,1.18
b13[1999-2000],0.11,0.042,0.036,0.193,0.01,0.008,18.0,67.0,1.16
b13[2000-2001],0.11,0.041,0.037,0.192,0.01,0.008,17.0,54.0,1.17
b13[2001-2002],0.114,0.042,0.036,0.193,0.01,0.008,18.0,75.0,1.17
b13[2002-2003],0.112,0.042,0.039,0.197,0.01,0.008,17.0,72.0,1.17
b13[2003-2004],0.108,0.042,0.03,0.191,0.009,0.008,19.0,55.0,1.16
b13[2004-2005],0.11,0.04,0.034,0.187,0.01,0.008,17.0,52.0,1.17
b13[2005-2006],0.111,0.041,0.037,0.192,0.01,0.008,17.0,62.0,1.17
b13[2006-2007],0.113,0.041,0.036,0.19,0.01,0.008,17.0,63.0,1.18
b13[2007-2008],0.115,0.04,0.045,0.199,0.01,0.008,16.0,63.0,1.18
b13[2008-2009],0.113,0.04,0.04,0.193,0.01,0.008,17.0,82.0,1.17
b13[2009-2010],0.112,0.04,0.037,0.192,0.01,0.007,17.0,66.0,1.17
b13[2010-2011],0.11,0.042,0.036,0.193,0.01,0.008,18.0,56.0,1.16
b13[2011-2012],0.118,0.04,0.043,0.197,0.01,0.008,15.0,113.0,1.19
b13[2012-2013],0.112,0.04,0.037,0.189,0.01,0.008,16.0,63.0,1.18
b13[2013-2014],0.117,0.041,0.048,0.203,0.01,0.008,16.0,73.0,1.18
b13[2014-2015],0.112,0.042,0.037,0.194,0.01,0.008,17.0,69.0,1.17
b13[2015-2016],0.112,0.041,0.036,0.192,0.01,0.008,17.0,86.0,1.17
b13[2016-2017],0.114,0.041,0.042,0.197,0.01,0.008,17.0,69.0,1.16
b13[2017-2018],0.109,0.041,0.035,0.189,0.01,0.008,17.0,51.0,1.17
b13[2018-2019],0.115,0.041,0.037,0.195,0.01,0.008,17.0,62.0,1.17
b13[2019-2020],0.114,0.041,0.042,0.197,0.01,0.008,16.0,76.0,1.18
b13[2020-2021],0.112,0.04,0.038,0.193,0.009,0.007,18.0,100.0,1.16
b13[2021-2022],0.111,0.042,0.037,0.193,0.01,0.008,17.0,58.0,1.17
mu_b14,0.171,0.045,0.104,0.257,0.017,0.013,7.0,19.0,1.55
b14[1988-1989],0.172,0.047,0.094,0.258,0.017,0.013,8.0,31.0,1.47
b14[1989-1990],0.17,0.047,0.096,0.259,0.017,0.013,8.0,24.0,1.48
b14[1990-1991],0.175,0.047,0.098,0.261,0.017,0.013,8.0,36.0,1.47
b14[1991-1992],0.171,0.047,0.095,0.258,0.017,0.013,8.0,26.0,1.46
b14[1992-1993],0.174,0.047,0.098,0.263,0.017,0.013,8.0,30.0,1.47
b14[1993-1994],0.174,0.047,0.095,0.259,0.017,0.012,8.0,35.0,1.45
b14[1994-1995],0.168,0.047,0.093,0.257,0.017,0.013,8.0,24.0,1.49
b14[1995-1996],0.173,0.047,0.098,0.259,0.017,0.012,8.0,29.0,1.45
b14[1996-1997],0.172,0.047,0.097,0.26,0.017,0.012,8.0,26.0,1.45
b14[1997-1998],0.172,0.047,0.094,0.259,0.017,0.013,8.0,26.0,1.45
b14[1998-1999],0.173,0.047,0.098,0.261,0.017,0.013,8.0,26.0,1.47
b14[1999-2000],0.172,0.047,0.092,0.258,0.017,0.013,8.0,37.0,1.47
b14[2000-2001],0.165,0.048,0.08,0.249,0.017,0.013,8.0,24.0,1.45
b14[2001-2002],0.168,0.048,0.092,0.259,0.017,0.013,8.0,32.0,1.46
b14[2002-2003],0.169,0.047,0.091,0.254,0.017,0.013,8.0,25.0,1.45
b14[2003-2004],0.172,0.047,0.1,0.262,0.017,0.013,8.0,30.0,1.47
b14[2004-2005],0.166,0.048,0.093,0.257,0.017,0.013,8.0,29.0,1.45
b14[2005-2006],0.166,0.048,0.088,0.254,0.017,0.013,8.0,22.0,1.46
b14[2006-2007],0.171,0.047,0.096,0.258,0.017,0.013,8.0,24.0,1.46
b14[2007-2008],0.171,0.047,0.096,0.259,0.017,0.013,8.0,32.0,1.44
b14[2008-2009],0.172,0.047,0.092,0.259,0.017,0.013,8.0,28.0,1.46
b14[2009-2010],0.175,0.047,0.097,0.262,0.017,0.013,8.0,37.0,1.45
b14[2010-2011],0.17,0.047,0.091,0.258,0.017,0.013,8.0,27.0,1.48
b14[2011-2012],0.171,0.047,0.095,0.261,0.018,0.013,8.0,28.0,1.49
b14[2012-2013],0.169,0.047,0.094,0.257,0.017,0.013,8.0,25.0,1.47
b14[2013-2014],0.17,0.047,0.096,0.262,0.017,0.013,8.0,26.0,1.48
b14[2014-2015],0.172,0.047,0.094,0.261,0.017,0.013,8.0,29.0,1.45
b14[2015-2016],0.17,0.048,0.092,0.257,0.017,0.013,8.0,28.0,1.45
b14[2016-2017],0.163,0.049,0.086,0.255,0.018,0.013,8.0,25.0,1.46
b14[2017-2018],0.173,0.047,0.094,0.257,0.017,0.013,8.0,28.0,1.47
b14[2018-2019],0.172,0.047,0.094,0.259,0.017,0.013,8.0,31.0,1.47
b14[2019-2020],0.171,0.047,0.098,0.263,0.017,0.013,8.0,28.0,1.46
b14[2020-2021],0.172,0.047,0.094,0.257,0.017,0.013,8.0,30.0,1.48
b14[2021-2022],0.172,0.047,0.096,0.259,0.018,0.013,8.0,26.0,1.5
mu_b15,-1.438,0.894,-3.822,0.004,0.173,0.157,16.0,37.0,1.56
b15[1988-1989],-1.433,0.897,-3.772,0.065,0.172,0.156,17.0,36.0,1.53
b15[1989-1990],-1.435,0.896,-3.77,0.043,0.171,0.156,17.0,36.0,1.54
b15[1990-1991],-1.445,0.896,-3.75,0.082,0.173,0.157,17.0,34.0,1.53
b15[1991-1992],-1.43,0.895,-3.852,-0.024,0.173,0.157,16.0,37.0,1.55
b15[1992-1993],-1.426,0.894,-3.792,0.019,0.174,0.157,16.0,35.0,1.54
b15[1993-1994],-1.424,0.895,-3.735,0.081,0.172,0.156,17.0,35.0,1.55
b15[1994-1995],-1.422,0.895,-3.821,0.004,0.172,0.157,17.0,36.0,1.54
b15[1995-1996],-1.431,0.895,-3.926,-0.079,0.172,0.156,16.0,35.0,1.54
b15[1996-1997],-1.439,0.895,-3.715,0.109,0.173,0.156,16.0,37.0,1.54
b15[1997-1998],-1.421,0.896,-3.784,0.047,0.173,0.156,17.0,35.0,1.54
b15[1998-1999],-1.422,0.898,-3.756,0.119,0.172,0.156,17.0,35.0,1.54
b15[1999-2000],-1.452,0.899,-3.831,0.052,0.173,0.156,16.0,35.0,1.53
b15[2000-2001],-1.445,0.896,-3.917,-0.057,0.173,0.157,16.0,36.0,1.53
b15[2001-2002],-1.456,0.898,-3.569,0.278,0.174,0.157,16.0,37.0,1.55
b15[2002-2003],-1.46,0.897,-3.714,0.108,0.174,0.157,16.0,36.0,1.54
b15[2003-2004],-1.442,0.895,-3.783,0.027,0.173,0.158,16.0,35.0,1.54
b15[2004-2005],-1.441,0.896,-3.753,0.061,0.172,0.158,16.0,35.0,1.53
b15[2005-2006],-1.462,0.897,-3.624,0.202,0.174,0.157,16.0,36.0,1.53
b15[2006-2007],-1.44,0.896,-3.743,0.066,0.173,0.156,17.0,35.0,1.55
b15[2007-2008],-1.458,0.897,-3.82,0.015,0.174,0.158,16.0,36.0,1.54
b15[2008-2009],-1.441,0.896,-3.803,0.036,0.173,0.157,16.0,37.0,1.54
b15[2009-2010],-1.428,0.898,-3.773,0.05,0.173,0.157,16.0,35.0,1.54
b15[2010-2011],-1.433,0.898,-3.923,-0.075,0.172,0.157,17.0,37.0,1.54
b15[2011-2012],-1.419,0.899,-3.811,0.009,0.173,0.156,17.0,36.0,1.53
b15[2012-2013],-1.449,0.898,-3.627,0.193,0.174,0.157,16.0,35.0,1.53
b15[2013-2014],-1.44,0.898,-3.786,-0.004,0.175,0.158,16.0,36.0,1.54
b15[2014-2015],-1.426,0.898,-3.744,0.067,0.173,0.158,17.0,37.0,1.52
b15[2015-2016],-1.461,0.898,-3.687,0.137,0.176,0.159,16.0,36.0,1.54
b15[2016-2017],-1.457,0.899,-3.988,-0.147,0.175,0.158,16.0,36.0,1.55
b15[2017-2018],-1.433,0.896,-3.715,0.111,0.173,0.157,17.0,35.0,1.54
b15[2018-2019],-1.43,0.895,-3.802,0.04,0.171,0.156,17.0,36.0,1.55
b15[2019-2020],-1.438,0.897,-3.763,0.057,0.173,0.157,17.0,37.0,1.54
b15[2020-2021],-1.431,0.895,-3.823,-0.026,0.174,0.157,16.0,37.0,1.54
b15[2021-2022],-1.422,0.897,-3.829,-0.017,0.173,0.156,17.0,35.0,1.55
mu_b16,-0.64,0.895,-2.823,0.972,0.147,0.169,19.0,37.0,1.38
b16[1988-1989],-0.665,0.905,-2.809,0.943,0.149,0.168,19.0,36.0,1.31
b16[1989-1990],-0.645,0.909,-2.686,1.151,0.148,0.167,19.0,36.0,1.31
b16[1990-1991],-0.63,0.907,-2.8,0.958,0.147,0.168,20.0,35.0,1.29
b16[1991-1992],-0.683,0.908,-2.94,0.895,0.151,0.168,19.0,36.0,1.34
b16[1992-1993],-0.71,0.908,-2.861,0.946,0.145,0.165,20.0,35.0,1.31
b16[1993-1994],-0.823,0.913,-2.955,0.819,0.164,0.166,18.0,33.0,1.32
b16[1994-1995],-0.717,0.908,-3.05,0.825,0.15,0.167,19.0,35.0,1.33
b16[1995-1996],-0.721,0.906,-2.866,0.908,0.151,0.164,19.0,35.0,1.32
b16[1996-1997],-0.789,0.908,-3.263,0.535,0.157,0.168,18.0,35.0,1.33
b16[1997-1998],-0.676,0.898,-2.855,0.844,0.152,0.166,19.0,35.0,1.34
b16[1998-1999],-0.576,0.908,-2.738,1.065,0.146,0.171,19.0,36.0,1.28
b16[1999-2000],-0.604,0.907,-2.842,0.996,0.147,0.171,19.0,35.0,1.31
b16[2000-2001],-0.7,0.901,-2.808,0.967,0.15,0.166,19.0,36.0,1.34
b16[2001-2002],-0.591,0.907,-2.792,1.019,0.146,0.17,19.0,36.0,1.3
b16[2002-2003],-0.6,0.906,-2.479,1.292,0.147,0.168,19.0,35.0,1.3
b16[2003-2004],-0.651,0.909,-2.764,1.032,0.148,0.169,19.0,35.0,1.34
b16[2004-2005],-0.652,0.912,-2.872,0.942,0.147,0.169,20.0,36.0,1.32
b16[2005-2006],-0.72,0.911,-2.867,0.956,0.148,0.168,19.0,37.0,1.3
b16[2006-2007],-0.704,0.902,-2.908,0.849,0.152,0.166,19.0,37.0,1.32
b16[2007-2008],-0.598,0.916,-2.75,1.06,0.147,0.17,20.0,37.0,1.28
b16[2008-2009],-0.651,0.906,-2.803,0.964,0.148,0.169,19.0,35.0,1.32
b16[2009-2010],-0.691,0.904,-2.821,0.977,0.149,0.168,19.0,34.0,1.32
b16[2010-2011],-0.696,0.909,-2.865,0.931,0.15,0.169,19.0,35.0,1.33
b16[2011-2012],-0.623,0.903,-2.79,1.007,0.145,0.167,20.0,33.0,1.3
b16[2012-2013],-0.553,0.918,-2.65,1.3,0.148,0.174,20.0,35.0,1.29
b16[2013-2014],-0.575,0.904,-2.764,1.054,0.145,0.168,20.0,35.0,1.27
b16[2014-2015],-0.606,0.914,-2.802,1.087,0.147,0.173,19.0,39.0,1.31
b16[2015-2016],-0.538,0.928,-2.693,1.219,0.148,0.174,20.0,36.0,1.27
b16[2016-2017],-0.541,0.92,-2.557,1.212,0.146,0.169,21.0,36.0,1.27
b16[2017-2018],-0.632,0.904,-2.672,1.089,0.146,0.164,19.0,39.0,1.3
b16[2018-2019],-0.631,0.916,-2.733,1.12,0.147,0.175,20.0,35.0,1.3
b16[2019-2020],-0.469,0.938,-2.488,1.408,0.15,0.172,22.0,35.0,1.23
b16[2020-2021],-0.535,0.928,-2.432,1.534,0.149,0.17,20.0,36.0,1.26
b16[2021-2022],-0.575,0.912,-2.494,1.32,0.145,0.171,20.0,37.0,1.28
mu_b17,2.298,0.912,0.884,4.624,0.2,0.157,14.0,34.0,1.51
b17[1988-1989],2.301,0.913,0.815,4.548,0.201,0.158,14.0,34.0,1.5
b17[1989-1990],2.3,0.912,0.896,4.605,0.199,0.157,15.0,35.0,1.5
b17[1990-1991],2.294,0.913,0.931,4.68,0.2,0.157,14.0,34.0,1.5
b17[1991-1992],2.303,0.912,1.155,4.868,0.201,0.158,15.0,35.0,1.51
b17[1992-1993],2.301,0.914,0.858,4.578,0.202,0.159,14.0,34.0,1.49
b17[1993-1994],2.293,0.912,0.899,4.627,0.2,0.158,14.0,35.0,1.5
b17[1994-1995],2.304,0.913,0.888,4.641,0.201,0.158,14.0,35.0,1.51
b17[1995-1996],2.297,0.912,0.866,4.604,0.199,0.157,14.0,34.0,1.51
b17[1996-1997],2.287,0.911,1.084,4.821,0.199,0.157,14.0,34.0,1.51
b17[1997-1998],2.308,0.913,1.151,4.87,0.2,0.158,14.0,34.0,1.5
b17[1998-1999],2.315,0.914,0.909,4.649,0.202,0.158,14.0,36.0,1.5
b17[1999-2000],2.295,0.914,0.858,4.575,0.2,0.158,15.0,34.0,1.5
b17[2000-2001],2.289,0.913,1.034,4.775,0.201,0.158,14.0,33.0,1.51
b17[2001-2002],2.291,0.912,0.862,4.624,0.199,0.156,15.0,34.0,1.5
b17[2002-2003],2.285,0.913,0.836,4.594,0.199,0.157,15.0,34.0,1.5
b17[2003-2004],2.295,0.913,0.865,4.605,0.2,0.158,14.0,34.0,1.51
b17[2004-2005],2.296,0.913,0.863,4.623,0.199,0.157,15.0,34.0,1.49
b17[2005-2006],2.278,0.912,0.88,4.646,0.198,0.156,15.0,34.0,1.5
b17[2006-2007],2.292,0.911,0.835,4.58,0.199,0.157,14.0,35.0,1.5
b17[2007-2008],2.289,0.914,0.861,4.607,0.201,0.158,14.0,35.0,1.5
b17[2008-2009],2.297,0.913,0.85,4.577,0.2,0.157,14.0,34.0,1.51
b17[2009-2010],2.301,0.914,0.854,4.596,0.2,0.158,15.0,33.0,1.5
b17[2010-2011],2.299,0.913,0.964,4.678,0.201,0.157,14.0,33.0,1.51
b17[2011-2012],2.311,0.914,0.841,4.608,0.201,0.158,14.0,34.0,1.5
b17[2012-2013],2.299,0.914,0.869,4.612,0.2,0.158,14.0,34.0,1.5
b17[2013-2014],2.303,0.913,0.866,4.597,0.201,0.158,14.0,35.0,1.5
b17[2014-2015],2.308,0.914,0.866,4.592,0.2,0.157,15.0,34.0,1.5
b17[2015-2016],2.29,0.913,0.873,4.645,0.199,0.157,15.0,35.0,1.5
b17[2016-2017],2.291,0.913,0.941,4.671,0.2,0.157,14.0,34.0,1.51
b17[2017-2018],2.304,0.912,0.895,4.643,0.2,0.158,14.0,34.0,1.51
b17[2018-2019],2.305,0.913,0.963,4.695,0.201,0.158,14.0,34.0,1.51
b17[2019-2020],2.31,0.914,1.074,4.808,0.202,0.158,14.0,34.0,1.5
b17[2020-2021],2.31,0.912,1.159,4.911,0.201,0.158,14.0,34.0,1.51
b17[2021-2022],2.313,0.915,0.952,4.692,0.201,0.158,14.0,35.0,1.5
mu_b18,-2.037,6.875,-12.611,10.54,2.732,2.028,7.0,22.0,1.64
b18[1988-1989],-1.831,7.096,-13.529,10.504,2.751,2.037,7.0,27.0,1.58
b18[1989-1990],-1.963,7.062,-13.211,10.792,2.723,2.016,7.0,32.0,1.57
b18[1990-1991],-2.433,7.01,-13.064,10.97,2.771,2.056,7.0,25.0,1.61
b18[1991-1992],-1.877,7.088,-13.353,10.752,2.766,2.05,7.0,27.0,1.59
b18[1992-1993],-2.101,7.049,-13.032,10.868,2.74,2.03,7.0,27.0,1.57
b18[1993-1994],-2.312,6.833,-13.016,10.435,2.678,1.986,7.0,22.0,1.59
b18[1994-1995],-1.702,7.116,-12.872,11.09,2.722,2.013,7.0,33.0,1.55
b18[1995-1996],-2.094,7.08,-13.273,10.596,2.768,2.052,7.0,25.0,1.6
b18[1996-1997],-2.139,7.129,-12.638,11.399,2.761,2.044,7.0,27.0,1.58
b18[1997-1998],-1.769,7.105,-13.148,11.107,2.727,2.018,7.0,32.0,1.56
b18[1998-1999],-1.645,6.987,-12.835,10.744,2.711,2.008,7.0,27.0,1.58
b18[1999-2000],-2.111,7.057,-13.266,10.656,2.735,2.026,7.0,28.0,1.58
b18[2000-2001],-2.135,7.038,-13.036,10.948,2.744,2.033,7.0,29.0,1.59
b18[2001-2002],-2.031,7.031,-13.011,11.135,2.727,2.02,7.0,26.0,1.58
b18[2002-2003],-2.102,7.055,-13.435,10.473,2.737,2.027,7.0,27.0,1.57
b18[2003-2004],-1.973,7.082,-12.785,11.199,2.737,2.026,7.0,27.0,1.58
b18[2004-2005],-2.347,7.009,-13.542,10.321,2.752,2.041,7.0,23.0,1.6
b18[2005-2006],-1.859,6.987,-12.527,11.323,2.724,2.018,7.0,30.0,1.59
b18[2006-2007],-1.839,7.069,-13.006,11.127,2.739,2.028,7.0,30.0,1.57
b18[2007-2008],-2.062,7.072,-13.498,10.689,2.764,2.048,7.0,28.0,1.59
b18[2008-2009],-1.961,7.095,-12.973,11.023,2.747,2.035,7.0,30.0,1.57
b18[2009-2010],-1.888,7.112,-12.836,11.168,2.771,2.053,7.0,29.0,1.59
b18[2010-2011],-2.077,7.094,-13.209,10.933,2.73,2.02,7.0,28.0,1.57
b18[2011-2012],-1.799,7.09,-12.488,11.64,2.738,2.027,7.0,32.0,1.57
b18[2012-2013],-2.059,7.054,-12.926,11.094,2.722,2.015,7.0,28.0,1.57
b18[2013-2014],-2.512,6.933,-13.524,10.01,2.717,2.014,7.0,25.0,1.59
b18[2014-2015],-1.899,7.091,-13.025,10.958,2.756,2.042,7.0,26.0,1.58
b18[2015-2016],-2.078,7.06,-13.764,10.422,2.748,2.036,7.0,31.0,1.58
b18[2016-2017],-2.2,7.08,-13.253,10.723,2.743,2.031,7.0,26.0,1.57
b18[2017-2018],-1.986,7.048,-12.846,11.276,2.74,2.03,7.0,26.0,1.58
b18[2018-2019],-2.424,7.037,-13.149,10.92,2.773,2.057,7.0,24.0,1.62
b18[2019-2020],-1.847,7.105,-13.121,10.99,2.741,2.03,7.0,33.0,1.57
b18[2020-2021],-1.857,7.088,-13.043,10.825,2.733,2.023,7.0,27.0,1.56
b18[2021-2022],-2.355,6.874,-12.813,10.389,2.701,2.003,7.0,20.0,1.61
mu_b19,-1.564,1.826,-4.381,0.702,0.881,0.671,5.0,26.0,2.54
b19[1988-1989],-1.551,1.827,-4.365,0.733,0.881,0.671,5.0,26.0,2.53
b19[1989-1990],-1.568,1.827,-4.376,0.716,0.882,0.671,5.0,26.0,2.52
b19[1990-1991],-1.576,1.827,-4.398,0.693,0.882,0.672,5.0,26.0,2.53
b19[1991-1992],-1.54,1.825,-4.426,0.697,0.88,0.67,5.0,26.0,2.53
b19[1992-1993],-1.547,1.827,-4.391,0.714,0.881,0.671,5.0,26.0,2.53
b19[1993-1994],-1.551,1.829,-4.39,0.709,0.882,0.672,5.0,26.0,2.53
b19[1994-1995],-1.554,1.828,-4.385,0.705,0.882,0.672,5.0,26.0,2.54
b19[1995-1996],-1.55,1.826,-4.392,0.712,0.881,0.671,5.0,26.0,2.53
b19[1996-1997],-1.553,1.827,-4.372,0.709,0.882,0.672,5.0,26.0,2.52
b19[1997-1998],-1.55,1.827,-4.36,0.737,0.881,0.671,5.0,26.0,2.53
b19[1998-1999],-1.552,1.824,-4.397,0.703,0.88,0.67,5.0,26.0,2.54
b19[1999-2000],-1.561,1.827,-4.396,0.705,0.881,0.671,5.0,26.0,2.53
b19[2000-2001],-1.57,1.827,-4.39,0.697,0.882,0.671,5.0,26.0,2.53
b19[2001-2002],-1.574,1.829,-4.394,0.693,0.882,0.672,5.0,26.0,2.53
b19[2002-2003],-1.567,1.828,-4.378,0.718,0.882,0.672,5.0,26.0,2.53
b19[2003-2004],-1.548,1.828,-4.392,0.693,0.882,0.672,5.0,26.0,2.52
b19[2004-2005],-1.572,1.829,-4.391,0.712,0.882,0.672,5.0,26.0,2.53
b19[2005-2006],-1.571,1.827,-4.393,0.699,0.882,0.672,5.0,26.0,2.54
b19[2006-2007],-1.56,1.826,-4.388,0.7,0.881,0.671,5.0,26.0,2.53
b19[2007-2008],-1.564,1.829,-4.392,0.703,0.882,0.672,5.0,26.0,2.53
b19[2008-2009],-1.571,1.827,-4.39,0.711,0.881,0.671,5.0,26.0,2.53
b19[2009-2010],-1.548,1.827,-4.377,0.696,0.881,0.671,5.0,26.0,2.52
b19[2010-2011],-1.558,1.826,-4.37,0.727,0.881,0.671,5.0,26.0,2.53
b19[2011-2012],-1.553,1.827,-4.391,0.707,0.881,0.671,5.0,26.0,2.53
b19[2012-2013],-1.572,1.828,-4.393,0.699,0.882,0.672,5.0,26.0,2.54
b19[2013-2014],-1.593,1.826,-4.373,0.72,0.881,0.671,5.0,26.0,2.53
b19[2014-2015],-1.563,1.827,-4.376,0.722,0.882,0.671,5.0,26.0,2.54
b19[2015-2016],-1.573,1.828,-4.384,0.724,0.882,0.672,5.0,26.0,2.53
b19[2016-2017],-1.59,1.826,-4.39,0.697,0.881,0.671,5.0,26.0,2.53
b19[2017-2018],-1.589,1.827,-4.393,0.705,0.882,0.672,5.0,26.0,2.54
b19[2018-2019],-1.57,1.826,-4.39,0.698,0.881,0.671,5.0,26.0,2.54
b19[2019-2020],-1.571,1.827,-4.36,0.726,0.882,0.671,5.0,26.0,2.54
b19[2020-2021],-1.567,1.825,-4.399,0.703,0.881,0.671,5.0,26.0,2.54
b19[2021-2022],-1.57,1.829,-4.405,0.705,0.883,0.672,5.0,26.0,2.53
mu_b20,-2.255,1.861,-5.122,0.221,0.897,0.683,5.0,27.0,2.46
b20[1988-1989],-2.258,1.865,-5.177,0.226,0.898,0.684,5.0,27.0,2.45
b20[1989-1990],-2.238,1.862,-5.222,0.218,0.895,0.681,5.0,27.0,2.44
b20[1990-1991],-2.295,1.861,-5.19,0.211,0.896,0.682,5.0,27.0,2.45
b20[1991-1992],-2.297,1.856,-5.148,0.229,0.894,0.681,5.0,27.0,2.45
b20[1992-1993],-2.317,1.863,-5.217,0.182,0.897,0.683,5.0,28.0,2.45
b20[1993-1994],-2.322,1.871,-5.188,0.228,0.901,0.686,5.0,27.0,2.45
b20[1994-1995],-2.304,1.865,-5.154,0.226,0.899,0.684,5.0,27.0,2.45
b20[1995-1996],-2.317,1.862,-5.134,0.256,0.897,0.683,5.0,28.0,2.45
b20[1996-1997],-2.302,1.867,-5.152,0.243,0.899,0.685,5.0,28.0,2.45
b20[1997-1998],-2.293,1.865,-5.167,0.252,0.898,0.684,5.0,27.0,2.45
b20[1998-1999],-2.185,1.869,-5.152,0.324,0.897,0.683,5.0,27.0,2.43
b20[1999-2000],-2.223,1.867,-5.2,0.246,0.897,0.682,5.0,27.0,2.44
b20[2000-2001],-2.217,1.872,-5.198,0.28,0.899,0.684,5.0,27.0,2.44
b20[2001-2002],-2.227,1.871,-5.196,0.255,0.899,0.684,5.0,27.0,2.44
b20[2002-2003],-2.235,1.869,-5.144,0.315,0.899,0.684,5.0,27.0,2.45
b20[2003-2004],-2.244,1.866,-5.181,0.282,0.897,0.682,5.0,27.0,2.45
b20[2004-2005],-2.289,1.865,-5.201,0.208,0.897,0.683,5.0,27.0,2.45
b20[2005-2006],-2.244,1.868,-5.198,0.239,0.898,0.684,5.0,27.0,2.44
b20[2006-2007],-2.263,1.866,-5.18,0.256,0.898,0.684,5.0,27.0,2.45
b20[2007-2008],-2.234,1.868,-5.217,0.254,0.898,0.683,5.0,27.0,2.44
b20[2008-2009],-2.262,1.863,-5.2,0.225,0.896,0.682,5.0,27.0,2.45
b20[2009-2010],-2.284,1.869,-5.134,0.269,0.901,0.686,5.0,28.0,2.45
b20[2010-2011],-2.245,1.865,-5.189,0.241,0.897,0.683,5.0,27.0,2.44
b20[2011-2012],-2.289,1.865,-5.18,0.231,0.898,0.684,5.0,28.0,2.45
b20[2012-2013],-2.19,1.87,-5.193,0.309,0.897,0.683,5.0,27.0,2.43
b20[2013-2014],-2.233,1.867,-5.183,0.286,0.898,0.684,5.0,27.0,2.45
b20[2014-2015],-2.279,1.86,-5.123,0.268,0.896,0.682,5.0,27.0,2.46
b20[2015-2016],-2.271,1.865,-5.188,0.227,0.898,0.684,5.0,27.0,2.45
b20[2016-2017],-2.177,1.873,-5.21,0.297,0.898,0.683,5.0,27.0,2.42
b20[2017-2018],-2.261,1.865,-5.195,0.213,0.898,0.684,5.0,27.0,2.45
b20[2018-2019],-2.266,1.862,-5.122,0.274,0.897,0.683,5.0,27.0,2.45
b20[2019-2020],-2.142,1.871,-5.227,0.29,0.895,0.681,5.0,27.0,2.41
b20[2020-2021],-2.21,1.869,-5.186,0.279,0.898,0.684,5.0,27.0,2.44
b20[2021-2022],-2.269,1.866,-5.192,0.214,0.898,0.683,5.0,27.0,2.45
mu_b21,1.663,1.821,-0.642,4.471,0.879,0.67,5.0,26.0,2.54
b21[1988-1989],1.668,1.82,-0.665,4.459,0.879,0.669,5.0,26.0,2.53
b21[1989-1990],1.664,1.822,-0.667,4.471,0.879,0.67,5.0,25.0,2.53
b21[1990-1991],1.654,1.824,-0.654,4.468,0.88,0.67,5.0,26.0,2.53
b21[1991-1992],1.669,1.821,-0.653,4.468,0.879,0.669,5.0,26.0,2.53
b21[1992-1993],1.664,1.823,-0.666,4.454,0.88,0.67,5.0,26.0,2.52
b21[1993-1994],1.663,1.821,-0.647,4.457,0.879,0.669,5.0,26.0,2.53
b21[1994-1995],1.663,1.822,-0.645,4.473,0.879,0.67,5.0,26.0,2.53
b21[1995-1996],1.662,1.821,-0.663,4.462,0.879,0.67,5.0,26.0,2.53
b21[1996-1997],1.663,1.822,-0.657,4.464,0.879,0.67,5.0,26.0,2.53
b21[1997-1998],1.664,1.821,-0.66,4.487,0.879,0.669,5.0,26.0,2.53
b21[1998-1999],1.674,1.821,-0.667,4.474,0.879,0.669,5.0,26.0,2.53
b21[1999-2000],1.668,1.821,-0.669,4.461,0.879,0.669,5.0,26.0,2.53
b21[2000-2001],1.662,1.822,-0.652,4.481,0.879,0.67,5.0,24.0,2.53
b21[2001-2002],1.66,1.821,-0.661,4.466,0.879,0.669,5.0,25.0,2.53
b21[2002-2003],1.662,1.822,-0.654,4.474,0.879,0.67,5.0,26.0,2.53
b21[2003-2004],1.671,1.82,-0.671,4.454,0.878,0.669,5.0,26.0,2.53
b21[2004-2005],1.659,1.821,-0.68,4.44,0.879,0.669,5.0,25.0,2.53
b21[2005-2006],1.659,1.822,-0.654,4.457,0.879,0.67,5.0,25.0,2.53
b21[2006-2007],1.666,1.821,-0.642,4.474,0.879,0.669,5.0,25.0,2.53
b21[2007-2008],1.666,1.821,-0.674,4.451,0.879,0.669,5.0,26.0,2.53
b21[2008-2009],1.658,1.823,-0.666,4.448,0.88,0.67,5.0,25.0,2.53
b21[2009-2010],1.668,1.821,-0.658,4.476,0.879,0.669,5.0,26.0,2.53
b21[2010-2011],1.667,1.82,-0.664,4.464,0.878,0.669,5.0,25.0,2.53
b21[2011-2012],1.661,1.823,-0.655,4.475,0.88,0.67,5.0,26.0,2.52
b21[2012-2013],1.666,1.821,-0.678,4.459,0.879,0.669,5.0,25.0,2.53
b21[2013-2014],1.652,1.823,-0.67,4.459,0.88,0.67,5.0,26.0,2.53
b21[2014-2015],1.661,1.822,-0.655,4.466,0.879,0.67,5.0,26.0,2.53
b21[2015-2016],1.656,1.824,-0.665,4.454,0.88,0.671,5.0,24.0,2.53
b21[2016-2017],1.658,1.822,-0.657,4.465,0.88,0.67,5.0,25.0,2.53
b21[2017-2018],1.649,1.824,-0.683,4.423,0.881,0.671,5.0,25.0,2.54
b21[2018-2019],1.659,1.822,-0.666,4.445,0.879,0.67,5.0,26.0,2.53
b21[2019-2020],1.668,1.822,-0.643,4.473,0.879,0.67,5.0,26.0,2.53
b21[2020-2021],1.666,1.822,-0.666,4.455,0.879,0.669,5.0,26.0,2.53
b21[2021-2022],1.659,1.821,-0.654,4.466,0.879,0.669,5.0,26.0,2.53
mu_b22,-0.024,0.188,-0.357,0.343,0.039,0.028,23.0,81.0,1.13
b22[1988-1989],-0.044,0.229,-0.471,0.382,0.041,0.029,30.0,116.0,1.1
b22[1989-1990],-0.028,0.234,-0.48,0.415,0.042,0.03,30.0,168.0,1.1
b22[1990-1991],-0.029,0.227,-0.482,0.367,0.038,0.027,35.0,205.0,1.09
b22[1991-1992],-0.018,0.233,-0.447,0.419,0.038,0.027,36.0,140.0,1.08
b22[1992-1993],0.024,0.231,-0.416,0.468,0.035,0.025,40.0,184.0,1.07
b22[1993-1994],0.007,0.231,-0.458,0.413,0.039,0.028,34.0,193.0,1.09
b22[1994-1995],-0.029,0.222,-0.477,0.371,0.037,0.027,34.0,142.0,1.09
b22[1995-1996],-0.03,0.227,-0.472,0.383,0.038,0.027,34.0,181.0,1.08
b22[1996-1997],-0.044,0.23,-0.491,0.374,0.039,0.028,34.0,106.0,1.09
b22[1997-1998],-0.037,0.234,-0.473,0.395,0.04,0.028,34.0,151.0,1.08
b22[1998-1999],0.065,0.254,-0.392,0.533,0.035,0.025,46.0,201.0,1.06
b22[1999-2000],0.006,0.227,-0.411,0.442,0.038,0.027,35.0,164.0,1.08
b22[2000-2001],-0.066,0.227,-0.508,0.342,0.039,0.028,34.0,141.0,1.09
b22[2001-2002],-0.078,0.238,-0.55,0.345,0.04,0.029,33.0,122.0,1.09
b22[2002-2003],-0.075,0.237,-0.518,0.379,0.042,0.03,31.0,141.0,1.09
b22[2003-2004],-0.007,0.228,-0.429,0.424,0.039,0.028,35.0,223.0,1.09
b22[2004-2005],-0.012,0.225,-0.447,0.393,0.038,0.027,34.0,121.0,1.09
b22[2005-2006],-0.19,0.266,-0.671,0.332,0.044,0.031,34.0,104.0,1.09
b22[2006-2007],-0.084,0.24,-0.561,0.356,0.041,0.029,33.0,121.0,1.09
b22[2007-2008],-0.036,0.239,-0.474,0.435,0.041,0.029,33.0,135.0,1.09
b22[2008-2009],-0.067,0.234,-0.543,0.333,0.039,0.028,34.0,158.0,1.09
b22[2009-2010],-0.006,0.232,-0.445,0.425,0.04,0.028,32.0,202.0,1.09
b22[2010-2011],-0.0,0.24,-0.419,0.48,0.041,0.029,34.0,161.0,1.09
b22[2011-2012],-0.011,0.233,-0.456,0.419,0.038,0.027,37.0,166.0,1.08
b22[2012-2013],-0.035,0.226,-0.472,0.382,0.04,0.028,31.0,178.0,1.09
b22[2013-2014],-0.053,0.233,-0.461,0.411,0.043,0.031,29.0,139.0,1.1
b22[2014-2015],0.013,0.234,-0.408,0.477,0.037,0.026,40.0,160.0,1.08
b22[2015-2016],-0.088,0.238,-0.576,0.325,0.039,0.028,35.0,145.0,1.08
b22[2016-2017],-0.07,0.234,-0.515,0.365,0.037,0.026,38.0,145.0,1.08
b22[2017-2018],0.009,0.225,-0.405,0.455,0.038,0.027,34.0,198.0,1.09
b22[2018-2019],0.062,0.248,-0.386,0.499,0.039,0.028,36.0,130.0,1.08
b22[2019-2020],0.048,0.24,-0.385,0.516,0.039,0.028,35.0,190.0,1.08
b22[2020-2021],0.042,0.236,-0.434,0.451,0.039,0.028,35.0,266.0,1.08
b22[2021-2022],0.073,0.248,-0.362,0.549,0.041,0.029,35.0,119.0,1.08
sigma_a,0.302,0.219,0.011,0.702,0.03,0.021,39.0,38.0,1.08
sigma_b0,0.011,0.008,0.0,0.026,0.001,0.001,22.0,78.0,1.13
sigma_b1,0.004,0.004,0.0,0.011,0.001,0.001,14.0,66.0,1.22
sigma_b2,0.0,0.0,0.0,0.0,0.0,0.0,70.0,124.0,1.05
sigma_b3,0.013,0.011,0.001,0.033,0.001,0.001,44.0,187.0,1.04
sigma_b4,0.487,0.434,0.009,1.283,0.084,0.06,15.0,31.0,1.2
sigma_b5,0.958,0.76,0.019,2.348,0.105,0.075,32.0,67.0,1.11
sigma_b6,1.056,0.717,0.049,2.342,0.135,0.096,28.0,154.0,1.12
sigma_b7,0.039,0.032,0.001,0.095,0.005,0.003,42.0,85.0,1.05
sigma_b8,0.016,0.011,0.001,0.036,0.002,0.001,40.0,75.0,1.08
sigma_b9,0.02,0.017,0.001,0.05,0.003,0.002,35.0,90.0,1.07
sigma_b10,0.008,0.007,0.0,0.02,0.002,0.001,12.0,18.0,1.27
sigma_b11,0.31,0.181,0.004,0.601,0.04,0.029,19.0,37.0,1.15
sigma_b12,0.151,0.089,0.003,0.302,0.018,0.013,20.0,40.0,1.14
sigma_b13,0.014,0.013,0.0,0.039,0.003,0.002,10.0,40.0,1.31
sigma_b14,0.013,0.009,0.0,0.029,0.001,0.001,42.0,123.0,1.08
sigma_b15,0.052,0.036,0.003,0.12,0.005,0.003,46.0,126.0,1.08
sigma_b16,0.162,0.112,0.004,0.353,0.019,0.014,35.0,74.0,1.11
sigma_b17,0.043,0.027,0.002,0.091,0.004,0.003,34.0,56.0,1.1
sigma_b18,1.33,1.027,0.031,3.223,0.164,0.125,50.0,74.0,1.09
sigma_b19,0.05,0.041,0.001,0.124,0.007,0.005,43.0,91.0,1.09
sigma_b20,0.121,0.092,0.004,0.293,0.011,0.008,57.0,81.0,1.06
sigma_b21,0.036,0.027,0.001,0.081,0.003,0.002,45.0,131.0,1.09
sigma_b22,0.138,0.086,0.011,0.291,0.009,0.006,83.0,152.0,1.06
